"PIDN","Ca","P","pH","SOC","Sand"
"09gt9UK5",0.851548709220304,0.0882976060645185,0.809061890766089,0.53914817794038,-0.593295756236181
"0BVvxJ6a",0.932257862111716,0.485025027286528,0.873293657840067,-0.0617000782352907,-1.10064370561135
"0KbdgApg",0.202767588202682,0.347990943197305,0.486276105159449,0.121499010536097,-0.422461685929282
"0MnuuduB",0.0715488365443142,0.124272348866282,0.210220185082138,0.212592483175636,-0.433646992593457
"0PcIsF9z",0.0208176099361476,-0.518606240033291,-0.756840430530641,0.678588978043921,-1.03425722399766
"0ShTFLYJ",-0.288422560889733,-0.488001881075161,0.526782639623787,-0.518843404298473,-0.228229345750547
"0XZh9jka",-1.71803358435104,-0.530598289536239,-2.11390391247145,0.969441038118517,-0.381300725335084
"0Y7Wegri",0.750550233845849,0.619523885820247,1.08534955688787,0.236808215828736,-0.736778660947934
"0dTqplIM",0.605002036302669,0.400139006932658,0.672112541740913,0.756915200153983,-1.3504261982129
"0lNiZicC",0.168689493125713,-0.648801317622351,0.309549861142292,-0.862528268274393,-0.744951208674546
"0rGeJ0QN",-0.431798270594191,0.218072656407984,-0.208395780144218,0.161389283502766,-0.795691227937813
"0sXI9ytQ",1.20779248219046,0.128745804704164,0.876326948580269,1.37086491371591,-0.381366166011819
"0ukt4aP6",-0.0303968481511277,-0.151363106974073,0.32864228502493,0.825754053014043,0.0638553855160469
"1AGspb8f",-0.619361302050767,0.0040625487806939,-0.621990480109049,0.00216056584593205,-0.889729711879711
"1Csy0gvE",0.28642954775132,0.25680162979575,0.464615273168708,0.432453627857521,-0.623779124563064
"1Ic2hly1",-0.561064416597274,0.0715639291038555,-0.665633753437835,-0.00818048248261266,-0.646259754697866
"1PPbaTwt",0.710171144828179,0.232295419085217,0.614395871325499,0.447997742056293,-0.859993801929085
"1SO5VJNy",0.159141562465167,0.202178529343065,0.182972069596154,0.441526269208977,-0.495826353938611
"1arHxK3Y",1.08613537566108,0.0897905012576875,1.05848762923998,0.468498294936742,-0.938339499317199
"1fCW4Bba",0.569756538518536,0.327350089597041,0.547419846243367,1.03267172386876,-0.587691639557736
"1qDZNvIm",-0.748784792279962,-0.288874048337771,-0.665974207663659,-0.220413834138888,-0.185094662535401
"28LYJC2V",-0.841500711475356,0.16805875982055,-0.719454153149526,0.220602772805505,-0.845904563036071
"2CzACvQq",0.724101416027758,0.395596376331604,0.997915207728483,0.251524976196701,-0.301277607382028
"2FT3crfv",0.512805127373165,0.319943007014139,0.61819404874202,0.756166959126895,-1.05416504704444
"2Fy2uHVg",-0.0676080274439799,-0.103009637694313,-0.496891935167578,0.390857743234531,-0.93096740165873
"2MkMEApm",0.653969798623754,0.321458595132116,0.624444206162984,0.895697881637094,-0.479153415248368
"2NDGWEOe",1.05622221897948,-0.274113912878859,1.24132911306816,-0.0135116444497495,-1.47801634199183
"2NyyCiqn",0.00774592400941077,0.171553798163738,0.256914228406453,0.0178737902361878,-0.422850617784199
"2QRzIb84",0.637877214639891,0.225036396100139,1.11086864629271,0.0203033434100356,-0.291947199023518
"2QcbdrUZ",-0.115292587822608,-0.163544340592833,-0.00705405672262871,-0.398072945655455,-0.379954931886492
"2YgAimWK",0.595550675381055,0.352054773097062,0.61130177827625,1.05114024313493,-0.486722009673775
"2cx85d9H",-0.0243185810801878,0.1027693947207,0.217100070419657,-0.314905808696111,-0.388806218069604
"2homMXMV",-0.259569075044371,-0.358557936479488,-0.955198692472529,0.300311482058959,-1.08391956796445
"2ldLrUtq",0.50349760519916,0.217944979127142,0.507908498386145,0.52231021166159,-1.24572389865053
"2nsACW6G",-1.13492969992037,-0.274512936761177,-1.98857826917779,1.87028248079768,-0.79592730281633
"2yMbVnWc",-0.181018997270342,0.241164568864044,-0.484257589782415,0.653029251192039,-0.834803545895762
"36r8sgGQ",0.20071111069061,-0.0711784676188705,0.12399596459109,0.0322930773427812,-0.52876903642454
"3NXAXCl3",-0.960064864403659,-0.318064120312482,-1.76891495364799,0.78055468678733,-0.963472873641859
"3QG0z6fl",0.612276831997464,0.0733352370503842,0.67752160586954,0.370822150391947,-0.584169464814751
"3WS8R9qm",-1.61571366731806,-0.322384037962846,-2.21968710793224,0.599893669491579,-0.750194837739197
"3fRLm8f5",-0.26388144390623,-0.640564918161792,-0.864486374666865,0.235096406281146,-0.930483186943877
"3mZhp1nQ",0.246109426297186,0.0770367401954716,0.321210828122421,0.331306113505298,-0.257915834152618
"3pikJXRL",-1.43103511944888,-0.474957765561518,-2.03940577795865,1.0260466980909,-0.642554053342793
"3pxOEGHL",0.172988085071253,-0.0242675840233523,0.0705482319891043,0.0550699992644271,-0.560506232377943
"3ttdV3f5",0.0147866958872966,0.228961701486936,-0.554764306897902,1.55220218582723,-0.640544149635231
"3v4X6Mfe",0.978439604154679,-0.0669477286396388,0.831336881816603,1.00943197528102,-0.712718140781283
"3wORuPiv",-0.820221132711735,-0.0957121547921544,-0.741080784722878,-0.227376454741597,-0.759328595851924
"43EfrxZj",0.560081038605167,0.157826108732012,0.540693879129481,0.532132396505889,-0.912532858293807
"457Vwm21",0.715796395776104,0.563654333264664,1.02857111652261,0.432281040130956,-0.47933283841965
"46KNnOdx",-0.906924366549733,0.142841616973814,-0.853030660029217,0.135244727163821,-0.78364837992685
"47TwNsVC",-1.39074146660498,-0.457636109926196,-2.00656004724909,0.0914427121064771,-0.922339292342976
"49856RpO",-0.0591153940384611,-0.505681783773257,-0.566891358297202,0.705591480820232,-0.89512017694272
"4Ane1o2N",0.562050451893884,0.201444754329363,0.596471888294526,0.554971642631585,-0.784983776979936
"4AyVUgSc",-0.335100382936979,-0.571691503250901,0.339036071670646,-0.70364663021626,-0.391634102302777
"4B1951On",0.505388601438595,-0.0827410250872163,0.82377499228806,0.830144843869649,-0.751057583422868
"4OL39Teo",0.548799101302161,0.326779907356591,0.611555227546748,0.906381208343021,-0.869989057121959
"4eQ90eLY",0.373546051952988,0.296001913451949,0.558787570619277,0.954459537681056,-0.634896106319316
"4o5jwMj8",0.208363912794513,0.0147927117897359,0.290512881637931,-0.0708429516652946,-0.486270252239508
"4vPgpl2c",-0.370662486928932,-0.120009119142388,-0.292023839584575,-0.10622935770702,-0.730489680135776
"51r9aA0d",-0.29667062478109,-0.595201938747173,0.450676672724922,-1.06779027125539,-0.329653713033299
"58SmeRoP",0.229654356708516,0.0418351447408641,0.0865188330337467,0.24469280011449,-0.685089447242702
"5HJp1AXn",-0.716356251899512,-0.0319039393741675,-0.644490779577269,-0.239828240529695,-0.737145078254538
"5MBZW7fx",0.464892414762567,-0.102670395592293,0.823877236292484,0.389974958066032,-0.522648833518791
"5Nq3gHaP",0.477200498633884,0.34728262794886,0.668754663646563,0.910897800116169,-0.710025439235714
"5RmwFFK3",-0.293587849441666,0.425552910473413,-0.222024078565719,-0.457067899005145,-0.886299905486852
"5Tu5Jbov",-0.0489731243971683,0.0386079164646869,-0.32828288833367,0.717616051955836,-0.933055427968262
"5YEolkev",0.755954440657915,0.283855977177955,0.572990636368767,0.357950082408869,-1.33653899607725
"5a8sf6QV",0.0267762759620089,0.318377829512424,0.393358500142273,-0.00205382084142719,-0.318069408358847
"5eSvmqYm",-0.0927947496440589,-0.139980524533323,-0.392640945891851,0.318996588517656,-0.710285462214298
"5hkN8fiv",-0.172720185672187,-0.643464050900611,-0.925885941426098,0.417736611143906,-1.11995481552214
"5oK8Gti5",0.837477804027531,0.257459157689705,0.878212896420989,0.904811390638439,-0.535181314906386
"5paniGaU",-0.832814678206137,-0.226402612353465,-0.680855869040563,-0.410228372194112,-0.231759853464468
"5vsr7ZUP",0.681733225039671,0.411940238701272,0.870654998633789,-0.0595091039922663,-0.732447783337016
"60B4xMWI",0.505694678101051,0.210826842235055,0.893885718135173,0.112131354498446,-0.254908652808137
"64jOUtKy",0.94295724578648,0.661745772056793,0.962334315137713,0.353170134983172,-1.11613412318596
"6AJo4xNG",-0.911901801013942,-0.0924579892847171,-0.819219856837131,-0.248289832036101,-0.382480388528438
"6CAvhEte",0.875165199965778,0.398532218942682,0.852865230295558,0.750500106482123,-0.841054974436408
"6CuGYjT5",1.33597946571067,0.106578586023701,1.50547866648193,0.377202790159897,-0.87892523854532
"6DGH8ujZ",0.145815434654606,-0.567035655745357,-0.577755059260649,0.744929071293009,-1.09030243579701
"6PzsGdVm",-0.264160429237379,-0.406549341677041,-0.852226792714812,0.603740128883056,-1.07531940334358
"6UcSJMbq",0.704535211670654,0.302759575093113,0.998132454525008,0.101858500618636,-0.504217962097401
"6WJbkH8U",0.938635221911392,0.0183968324698002,1.16102236033372,0.700511106610863,-1.15876489412715
"6eUWsVzw",1.0491996289692,0.483256430849081,1.0056853941744,0.339710442279626,-1.09953333041097
"6gNyO7Do",-0.0330594391206589,0.272813263879317,0.290159016913268,0.0634861617317846,-0.351649275459215
"6jT0AyHe",0.567780418955325,0.243735802186959,0.514786958085634,0.560296604238915,-1.14184800227132
"6nBgCvWu",-0.326986329399078,0.116312817832725,-0.173890205438878,-0.00953362082561376,-0.325827531283361
"6ro5mqg6",-0.417593432712972,-0.420964193120826,-0.817512540268384,0.591637074672479,-0.540960087350381
"6sGqObX4",-0.000776322017733588,-0.131473237156229,-0.367839472088927,0.344580044349926,-1.0043811737399
"6uEGy0n4",0.759900186209321,0.00476860683062308,1.07845732525073,0.299220774113608,-1.40443596530219
"7BZ4LxP8",0.670789232622051,-0.104997806944061,0.741437358505085,0.748877944909971,-0.829606405562686
"7CmigXKi",0.90007603843188,0.233866109762859,0.7930116256395,0.402955906561804,-0.923212931459466
"7Ga0LpfR",-0.276731017937005,0.644866623278601,-0.146764920492977,-0.242854623750734,-1.30354946646689
"7PQsFvsG",-0.53281727170264,-0.601401251427827,-1.07598004400986,0.438165986199109,-1.01077248103499
"7aF7nnwn",-0.062154364007914,-0.664628879634149,0.0631454303923013,-0.75148515291556,-0.13718986136625
"7asGzfX9",0.672242091620943,0.270717663586429,0.652298735614785,0.549231899591297,-0.793134787101137
"7cg7C92o",0.678693713518192,0.541110182769782,0.544857213360832,1.06111312106045,-0.791802543330957
"7eOxTpsB",-0.569276631156246,0.378576107181487,-0.206677524701922,-0.0397358836774251,-0.3844398490381
"7ey0v7ma",-1.55647678650891,-0.541311567205778,-2.19110121454392,0.169957740061075,-0.751647385196199
"7gocyrYl",-0.505755410714491,0.223690530432649,-0.47398317844488,0.549262567448647,-0.863262523836576
"7gqR3GoA",-0.416801713302132,0.0482752441761327,-0.277262401264711,-0.199794004431207,-0.862872903038747
"7og7aUXB",0.451045933932245,0.290217234373001,0.759142650374048,0.461049365063761,-1.08735332922353
"7onRfa8F",0.760886503122813,-0.00236059452308388,0.711125054091855,1.09585059420349,-0.371879178420145
"7umkNuxM",-0.013890054198217,-0.340780278296854,-0.355170506419267,0.991842783078332,-0.794823294340439
"7vPr9ExD",-0.0917297187899389,0.222199648600132,0.336026929490085,0.0835205637763575,-0.147012252747154
"7zNjpCzu",-0.00245110060388787,0.0195149069163657,-0.501621563821729,0.898999170171137,-0.836543192791095
"7ztsQNj3",0.0471665175325596,0.0920302068524972,-0.235095752965513,0.740977944130491,-0.9947189942647
"86gppwMI",-0.304889709552533,0.210258216504178,-0.533663579908869,0.453114487445164,-0.814858882846772
"88thAGdL",-0.118129578219325,0.311031332692972,0.26861055179617,-0.0701801827846673,-0.0990496269144002
"8GhU8STP",1.39702974609643,0.278813324973494,1.26083083126273,0.84720248321602,-1.18005707284697
"8NlzDcWe",-0.235334112222122,-0.651517738859728,-0.0334659670500986,-0.922977154579515,-0.437187069650638
"8QAejdLW",0.26915536482402,0.268891381595463,0.430318029416894,-0.300947701029492,-0.556937475368779
"8RDeFxWM",-0.640673121169559,-0.205198771659435,-0.470355272639661,-0.4293879194712,-0.399025975201381
"8UXP2NBS",-0.832774260175743,-0.197167061111225,-1.06027726862614,-0.349450838572784,-0.79587946542124
"8ZoV3KGT",0.67516548604799,0.317257894014983,0.841797465053077,0.0201478203484027,-0.898343093843898
"8ajs2uG8",-0.19897287588152,-0.447584010766207,-0.602145938136234,0.136803946425176,-1.05362986658274
"8bXnz62p",0.145037887395843,-0.00413213194330508,0.402576281908836,1.66750133170088,-0.710159017930705
"8nO1O1LG",1.35279265660909,0.260176722046405,1.32693832082586,0.592553341973255,-0.949817542983478
"8xE1p8g8",-0.76927455044835,-0.00823128116959745,-0.782898629177528,-0.0183717851095777,-0.766816251776572
"8yMDVMRM",-0.0531317420099091,-0.480509274588191,-0.590502317398846,0.805495369489083,-0.850876384137473
"98R5VaPi",1.26682968323483,0.304777695587021,1.5566488040311,0.340849853037588,-0.413401877893272
"9DcTz2Ua",1.14617318244625,-0.0512096808093076,1.20944886603516,0.143778978287097,-1.01385400011018
"9G7nfUrK",0.316771750553674,0.130369228545801,0.352652848163378,0.512741152184899,-0.412054460086113
"9O6GZ1HT",0.699946076473239,0.140017492680148,0.849944035418064,-0.39150059633134,-0.572872230406075
"9S7fCoAM",-0.12063744213834,0.00467476792004631,0.0673021025018477,-0.00470632258723991,-0.372568941489756
"9iQwmFJR",0.808061990860752,0.244320536286398,0.803596501389517,0.359165128186687,-0.822444908555481
"A3Mt6SAQ",1.52378945870726,-0.126695379128927,1.37102714283662,-0.0890364661625981,-1.1849571507606
"AJIsQIcV",0.263982275411077,0.0854593666042082,0.488895290945391,0.641773386913991,-0.393303246120035
"AMHKXMh8",1.44237308154879,0.175359128157279,1.53478248062967,0.641615611300905,-1.28658196814285
"ASwA2J4E",0.210737578551098,0.105806905276882,0.212731137311671,0.444474885445006,-0.539027192329427
"AaFvEoHq",-0.515439576121167,0.265135794317969,-0.335798769940865,-0.508767266664051,-0.801144318421319
"AiIPD6hX",0.341809678509614,0.0424465695013416,0.455351371634593,0.439638663487557,-0.59067317122707
"AsIURvJS",0.684031135125208,0.394753349669425,0.725151949815886,0.905241264860726,-1.26233015894097
"AsvgbJ0C",-0.188452725535862,-0.399757770323113,-0.757864785956964,0.560788188036274,-1.15609676635704
"AxEhbkCM",-0.634656770962267,-0.200695235487897,-0.820887682149938,-0.341439894424988,-0.696585974819913
"B7VPkIpx",-0.0549287378671424,0.169953472614288,0.0993594161144098,0.949437538385214,0.0713393431475057
"BBwHqHiH",0.152606529410109,0.407403898651289,0.45326247476131,0.135882798319063,-0.476772774136845
"BMyps8hr",0.97604119789405,-0.00665847225804223,0.762067451939399,1.1550588164203,-1.03397742037896
"BUHS4dQw",-0.924417027131569,0.049846243208303,-0.897290232114054,0.646416988904012,-0.869618140965005
"BZB3EYWQ",-0.638785106348306,0.0239320778522399,-0.461252390309883,0.0782753462572418,-0.426747602599899
"C5UPCZcL",1.20649953117756,0.199640784198431,1.27060103142931,0.223682468602706,-1.00755127896921
"C5gIfQbJ",-1.36688339447305,-0.495191973566948,-1.95243166873159,0.16743004570289,-0.807220147765998
"CDRuu4Pn",1.04628558275719,0.0213051264809186,0.670247285541588,0.803124363398447,-0.60546844602552
"CQhTYkqE",1.08854417004737,0.496115646569842,0.862246363304474,0.16637938518895,-1.32401977759673
"CSEobMXv",-1.01880506791108,-0.240332990199344,-1.73990098655716,1.01043240213091,-0.845947988522852
"CYMQE4x0",0.99050651517335,0.0376334474091744,1.51195529619161,1.13410756284037,0.0267234156800053
"ChQdtl4J",-0.522564593555148,0.0335765490089063,-0.507803733718961,-0.527743414572973,-0.357775912419032
"ChnD1nrN",-0.314333662974387,-0.738639604025543,0.275346549298966,-1.05649751369049,-0.468475297496878
"CvtbbIcq",0.461686981639427,0.0687830003936604,0.901241154326428,0.780167712056893,-0.503864457059862
"Cxk06b77",0.247810527552044,0.120795274329179,0.291602799457104,0.471532136989286,-0.637983222434131
"D3QD3ZEJ",-0.153430505398916,-0.359768090447061,-0.471255198786849,0.830633847374504,-0.796241237202808
"D8J5C6lA",1.11594966395065,0.0793981373671764,1.21480415420518,0.657860545868446,-0.641019099624369
"DCeQwYfT",0.301534005547754,0.220484001507644,0.416882875510281,0.643213677067792,-0.947255975127709
"DDEftkx3",-0.608439653494494,0.0536549250840682,-0.308659854656757,-0.0888591970668459,-0.432192141776102
"DEwCfeDW",0.352659448115455,0.34140090285754,0.382151478042151,1.33165670762409,-0.586547800341477
"DMkIV4oL",-0.0803206947334743,-0.0915250051446836,-0.115589281569148,-0.0832575353112865,-0.527287550353741
"DnzGfbxS",0.96070046234507,0.159915080020587,0.829099285072684,1.52452789082328,-0.987225307089321
"DoZxo6f6",-0.649387209483726,-0.18208044345487,-0.443505573656452,-0.262556920244587,-0.496699823439489
"DvhBPGIk",-0.0250100447556307,-0.517083741265827,-0.444276249202709,0.574567803580459,-0.77432996358927
"Dx7GoUcT",-0.331270967274173,-0.0560955155598286,-0.256603392413649,-0.418432989111742,-0.31320136614561
"E5hIjohO",-0.000270973589772294,0.343457158153501,-0.114188660339285,0.470844331753163,-0.793070614156788
"E6x4XGHt",0.950488705741834,0.330118783720766,1.03248362802065,0.856516094011263,-0.699771890070682
"EDEpAzh1",-0.525963250626577,-0.159319808475718,-0.582232305456493,-0.504105332209886,-1.06116731227013
"ETGudkQt",0.610307784051383,0.183394539498365,0.542847630920945,0.686000690915461,-0.544867665846571
"EUleKrLJ",1.10152375450369,-0.076225272629846,0.991765499367504,0.0975615514114407,-0.98149661279933
"Ehw2Jz6s",-0.0647363634729002,-0.48762084277492,-0.612176308409366,0.725392365191469,-0.820478359215689
"EjqzC4zH",-0.0595695198278195,-0.00160255397597921,0.157296150017066,0.411313234174255,-0.215520363840586
"EkMZO3Qj",-0.582678332193357,-0.107355831371016,-0.762872850392938,-0.447987721601316,-0.590552005776258
"EnoNXWvU",0.706702147793697,0.131010788274795,0.919945418479283,-0.290459178299768,-0.519768362648455
"Epv8ANwr",-0.171652900359298,-0.317978654936797,-0.536684010084399,1.03148470722605,-0.675546053329478
"Etro9j0B",-0.0343442175129954,0.024733537496572,0.484774220275563,0.980258140460713,-0.19929426396345
"F3MIZj76",-0.781753246616615,-0.0218862243511062,-0.810880163071118,0.0217182329550722,-0.896715626536995
"FB8tU00K",-1.05198846194437,0.13112117578987,-0.937282062283142,0.0899426012544882,-0.753654912541124
"FLhxBGMK",0.0784522364668416,0.259331958331579,0.224172648404683,-0.31547100929204,-0.449085789774276
"FRreR8ka",-0.174477621541535,0.0742109382825054,-0.451865928621859,0.363098984027894,-0.491349338207595
"FXne4oAV",0.257963755003687,0.105952625149828,0.62288076442709,-0.564776368639838,-0.79015815724125
"FaW764jk",0.674799230605831,0.368566544207625,0.462330202652496,0.653720355777667,-0.782085357336074
"FeAbMXly",-0.0111383613336131,-0.0281244431885469,-0.0368392739075741,-0.0656746342631502,-0.540029285538067
"FeudaFXn",0.7280510692125,-0.0123774338086775,0.810095706435792,0.232205373130974,-1.29927838920775
"FldUmFeM",0.725425151930485,0.174026226226113,0.955559790743701,-0.215231874423907,-0.448896227553974
"Fnv5tfAm",0.0212452074787006,0.0749214090917477,-0.376262838439984,1.36755849319057,-0.902787843079105
"FvrAd3Or",0.132720584480442,0.19113176431374,0.701575084380326,-0.0798446801575673,-0.00345189021287226
"G48zHffi",0.86826958005293,0.346539444313731,1.22594970427112,0.21465231025808,-0.386896814939919
"G76zCv5N",0.708393570330642,0.442461786199856,0.61508273488332,0.658049385693498,-1.1812172195734
"G7JGUdNf",-0.0377235326045257,0.159435232934116,0.239798062848932,-0.333634794350459,-0.347170481979068
"GCo6MONx",1.22748497371014,0.486856795307587,1.1459351454273,0.482579440443617,-1.24528946579642
"GE0vbpVQ",0.702165090048555,0.0203964087082897,0.821616935087911,0.330115606031706,-0.542006022434212
"GN0DfOqt",0.209448157374651,-0.0465460510192388,0.432392565594497,0.0552674664382918,-0.309010894782265
"GNsTAb1v",0.415493913612674,0.187061948969918,0.314818535397256,0.284486841695367,-1.40754760373656
"GPwmO21z",-0.232534483723026,-0.283405216878424,-0.548162944595742,0.460972232614306,-0.930959514496152
"GQYpfLoh",-0.560735553128585,0.427796249077077,-0.547154437475458,-0.815148297962979,-1.28346774388714
"GR9knT8n",-0.534705321694023,-0.773438769611976,-1.15694902072503,0.0350644502847794,-1.00774778960706
"GXtFFbZy",0.209184894834746,0.20960764836781,0.15081365457742,0.596024165479272,-0.604085012390837
"GYvzvvFD",0.0948080716563247,0.129977929419209,-0.281530147407409,0.261073917706354,-1.04006721316938
"GemPjTJ9",0.230361163040198,0.160404578991111,-0.211078113272164,0.467204946742434,-1.03726217650998
"GkLYRm1K",0.827089969178015,-0.134135788037665,1.07469412219683,0.0263739807147069,-1.34086214845767
"GmlqP8eI",-0.567484030614458,-0.129263408205332,-0.676877584547805,-0.462738666556883,-0.902362195431828
"GqkIrOvf",0.251675101726689,0.332465809511703,-0.11746123601298,0.92587760795109,-1.13862403686482
"H0fsegPi",0.577435786409125,0.340826133803456,0.245033965263117,0.389792330992521,-0.407264317316009
"H4dHpJjU",1.22897633350533,0.288535912897264,1.10948514798386,0.232318726338649,-0.917377976178726
"H5QwJCuU",1.19450861397253,0.139611127040313,1.07826959774363,-0.847549990675626,-1.51185791559107
"H5uwmSZ0",-0.775223382452483,-0.155104465044969,-0.781853725288646,-0.660029102138889,-0.457734310893683
"H8MtbVoL",-0.0975223787673248,0.142191568998548,0.203872033145648,-0.418047683494205,-0.188093425758983
"H9JrUYnp",-0.184814468762947,0.242543432888689,-0.380700278068955,0.741841530945498,-0.457871207524631
"HHYmmHVk",0.929956532518269,-0.0604437242948833,0.645583008678561,0.905369817715945,-0.350793628116673
"HJ5U4uqL",-0.878253580755951,0.00835907252251417,-0.871153047388771,-0.230280641892382,-0.934987967673724
"HNQxYc4w",0.118519874442151,-0.0660193294553142,0.0673134353643468,0.131144728312677,-0.800280756867086
"HQYhKHZ8",-0.590051522202317,0.0357522010028098,-0.615325052404391,-0.10948782546359,-0.829682362665389
"HSCMx0MC",-0.479001789010577,-0.150725715613314,-0.207111532262728,-0.441745294886868,-0.509809869451691
"HXYuE0fx",1.34503100953696,0.108756722630678,1.1068203704757,0.436154340325752,-1.04958384908232
"HdKcxEWr",0.44899136989166,0.166532087968332,0.566310736679511,0.457465839618006,-0.633468907718294
"HecW1iCC",-0.809488196017371,-0.268038463541036,-0.813984430908952,-0.59349862241822,-0.822285856839416
"HpbKB8rv",-1.42081577982134,-0.299841435788882,-1.95147907647304,1.44415615247485,-0.666646055346633
"HrkoYjCg",-0.963430979971884,0.0535787517908215,-0.927856824177386,0.463969298421825,-0.750805935433204
"I5P2uquT",0.664145388352039,0.128792879425265,0.676304897809597,0.449405779075445,-0.675175888674798
"I94qkDM7",-0.164208892431604,0.0824321073030995,-0.574119550153053,0.0675238249669078,-0.970247939067233
"I9sQbtt8",-0.965431538111819,-0.145689978912942,-1.69249678721921,1.16190925614096,-0.927396600328929
"IFxgw6ZX",-0.660695929298554,-0.203645877231806,-0.727508865494252,-0.338807958338952,-0.684689217587639
"IPPPSyoU",-1.05105958807322,-0.0440590073782406,-1.01798903781965,-0.296052680546402,-0.786529877993994
"IQOYQubU",1.29858909322771,0.180784385971391,1.06981801573091,0.189042559540124,-1.12941245321156
"IYNE2SxU",-0.0328967309140726,0.121194894733945,-0.473610296651613,0.933599214559391,-1.0622076659375
"IZRFk9kN",0.26826872587885,0.247902051183755,0.41609800032866,0.91013487675374,-0.558194868668422
"Iaq3v0t3",1.52763239240514,0.0440228349988283,1.45260848813694,0.323458434694554,-1.20696880659046
"IbVwu1t6",-0.236686978986418,-0.616920450045183,-1.02868774051467,0.389837802929585,-1.02616786448895
"IcHKTLyo",-0.0186772132902102,0.403282972604611,0.267285149065425,0.0402211935871579,-0.35361852883229
"IpW80wVB",-0.165561452503421,-0.544663716610972,-1.01977217219683,0.381810593842113,-1.08508360844911
"Itb0PYUV",1.46021906288772,0.215798875123318,1.25274138407689,0.890376895567368,-0.958062991063597
"J8fpSwS0",-0.388020183737185,0.249865026209797,-0.1702430837245,-0.23149416758644,-0.496937929174993
"JE1SlbD0",0.6451719950071,0.428790321304446,0.58028350487824,1.23280080300726,-1.37987856720918
"JEB4McNb",0.934037069311447,0.187731906953205,1.23642185969742,1.09280698744804,-1.14748913363456
"JEE4QVeQ",0.603224051190979,0.299556655644716,0.793742842045982,0.00016624611425925,-0.766450795609427
"JJSEU2VQ",-0.422906586886462,0.0653431297537905,-0.152939844766851,0.0861446341719781,-0.447726105646527
"JSsVriP2",0.152115655861286,0.0257381818685948,0.637770105822362,-0.441094894226649,-0.0626455747132345
"JUvQNiOK",1.0009453609481,0.138160741122975,0.784555582318834,1.36793749381335,-0.877213242616739
"JZbrRtm2",0.812391030696937,0.119719389648723,0.981457288420781,-0.102363982579934,-0.415460328916489
"JcE9G92B",-0.650825213960195,-0.0250974526684793,-0.638093975196426,0.0684325280126314,-0.683406450191023
"JnNYpXHr",-0.38316935235128,0.424247013652789,0.215394894451037,-0.0551731675268428,-0.710683856080453
"JzpbnOtz",-0.531813474105072,0.431211491256765,-0.269687752933909,-0.140825565468287,-0.752577894185354
"JzzUhPQp",0.820242354754391,0.0329904031730249,1.14752666135121,0.418579569422085,-1.33337374731262
"K05R8dQK",-0.77600568338096,0.207370616857441,-0.757675510898971,0.267228529092283,-0.81977016941848
"K17pG2mG",0.761430424037657,0.450076012843234,1.01398000142339,-0.137170353361529,-0.780683778029239
"K8BellUe",0.360458827227594,0.151364129213354,0.428134319064601,0.284639196261922,-1.20576494357006
"KJ2eH6rr",0.345261903199938,0.0940629196474054,0.406883447735946,0.400552433194922,-1.00729403120726
"KJEJ6Glk",0.652060023415753,0.259290102129822,0.506290992090938,0.847538491479795,-1.40390121443764
"KSbO0oXS",1.09379757198223,0.670699769248523,0.946676912302965,0.571796067313527,-1.32659235061433
"KXtvmd01",0.556653995767956,0.223540525663478,0.626023090426367,0.452971683094136,-0.853914313068369
"KYiJqBuJ",0.924865742855179,0.467271803397663,0.963216374470974,0.0689157110680006,-1.00955369115748
"KmbAyTcE",0.295325418510608,0.114032155779883,0.373548624865101,0.481513154686397,-0.631557949820245
"KnNyl3rV",0.924027341490493,0.0898171218472803,0.868052425910412,1.29520208695423,-0.535318622555395
"Kp2DG8TZ",0.218328599018984,-0.10657045303479,0.709403582455677,0.98994981086468,-0.0194487905818799
"KqQtKWs5",0.0324931929741547,-0.427685671527233,0.259853176359815,-0.383025129470445,-0.286477730405357
"Ku27g63R",0.249985204135887,0.266785178393758,0.303284359215953,-1.59903365894877,-1.39538129943551
"L2aTVqDq",-0.332913252646174,-0.52056220630524,-0.940769199135003,0.70049055463321,-1.05469942676839
"L5jvq6G4",-0.258552062967452,-0.485301671961664,0.0282633063272455,-0.575041773344911,-0.352951907892877
"L91hYVQl",-0.557672523813954,-0.663735929596707,-0.545798571025573,-1.01703578297687,-0.161142050222808
"LINAMlbA",-0.511359698120847,0.0923089212183851,-0.599406243041714,0.39960970388125,-0.783450930173427
"LJoUNXSx",0.0945190389783952,-0.501744686019028,-0.728818152953705,0.41100401191347,-1.28922472741195
"LLtSiyWD",0.51444830605356,0.0714998959323672,0.586067962787111,0.071472072454933,-1.15010932504825
"LQJtV8kn",0.0281178461924967,0.243515283718216,0.332481880145645,-0.421219099694424,-0.424561745517804
"LW9uddw7",-1.56209905570224,-0.371378885798166,-2.11606926311375,0.557601690387565,-0.731068241191998
"LZ6sdBTR",0.979582825530924,0.279351846400308,1.06974491696226,-0.517957062820251,-1.92218010758015
"La2Vhnne",-0.286312788470796,0.0852584930328325,-0.215348084000846,0.229060981774465,-0.277258496395812
"LaUWSq9B",0.601505780607984,-0.124222520454386,0.638025703033778,0.97551868606285,-0.78026509212644
"Lk4SfkPQ",-0.551607518333288,0.0182395076240448,-0.59871610245712,-0.134686566031552,-1.01780536128488
"LllC836d",-0.266454566834306,-0.294836580503155,-0.607190887420431,0.53573973186877,-0.818877206076938
"LuGiGeWN",-0.202887849182373,0.0292375000117163,-0.495031324974867,0.127152956434925,-0.832419385573278
"LzcyHcWa",-0.0376486649260444,0.138020596068147,0.0227129154505599,0.273035112626258,-0.439588578967994
"M7veP0H4",0.127205823147381,0.232388464560376,0.0949975934397472,0.0870686081697954,-0.347464570445648
"MB8aaJUc",-0.715302938365901,-0.609257753509698,-1.2530006865097,0.16845592634231,-0.978029406453711
"MDpe2zuy",0.0577024630425632,-0.0799267887542242,-0.307942997384849,0.373229440906284,-1.05413714424613
"MEzdmEIU",0.0960783325363723,0.101624829991841,0.130261337028245,0.477196801655383,-0.710159550455148
"MVnhtivm",-0.0863423185184787,-0.339047627500402,-0.507560909237323,1.04084203022333,-0.787681492751695
"MYU7WDis",0.508366136429051,-0.00780888467940237,0.461960841499615,0.613861279726057,-0.703231269694561
"MZFqh6yw",1.34439000843034,0.338872001779445,1.48204343340364,0.0907076340038165,-0.440388493740412
"Mdgy4SsO",-0.551695149329102,0.599051503599754,-0.461923918561478,-0.389311373624827,-1.32813958430175
"Mj8awnzy",0.884378105093565,0.0371490290987204,0.841983501943159,1.33639648724509,-0.40860292775962
"MpFPbUJy",1.50141159430529,0.259317094007928,1.60340596927227,0.749245594438606,-0.981884488171756
"Mqk7MFBM",0.664840239087051,0.150384507783024,0.552255716727922,0.52636825643444,-0.534194718682351
"Mqs2t1Eo",-0.534214379282173,0.0113136717577168,-0.50856018356396,-0.126006363362116,-1.02243804160491
"Mv3jFVxp",-0.100662150067417,-0.323875292036819,-0.559947637998379,1.04403518274038,-0.688800265450946
"MxODTXvA",0.0773562495568929,0.431871939130226,0.30345165631879,0.077638651472553,-0.433523623492223
"N46PbpPM",0.619104934035964,0.301242638094814,0.737243598036162,-0.049142090127137,-0.409703339037008
"N5S5F9Gk",0.0706270915326503,0.129385464070227,-0.274169401908056,0.0441779421366196,-1.03254502532482
"NLDg5fqw",0.825491447465539,0.155452011119506,0.89620682203555,0.850532880564905,-0.80270016213327
"NOho2ZiM",1.4004582996439,0.108281404568043,1.18407249332758,0.454998693408543,-1.19363459235622
"NUuY7PFU",1.14699337897963,0.423938229584961,0.839459259415409,0.853118517828483,-0.907301830093076
"NV1e8AEO",-0.740096528443345,-0.11385437505792,-0.579091730088443,0.193588314146742,-0.202088076471909
"NZLXROKC",0.847025499484055,0.479032679854321,0.61561839136473,-0.148731262457767,-1.10799710192521
"NaJo7C6o",0.357477962947323,0.0883621849435794,0.712211752426818,0.495727426460222,-0.895959151494516
"NgsyGkrO",0.569493420351373,0.415878846726359,0.595694799841259,0.962593282980221,-1.14325925401958
"NjOx4Zpo",-0.976451710515227,0.208025969874866,-0.780410553311677,-0.134376391197384,-1.01204053668289
"NmQoI7x0",1.07571717847504,-0.0810469016760855,0.853147280023509,1.08440155813839,-0.845720012053445
"No4wkdLS",0.159822130335459,-0.477779361578857,0.383015253072944,-0.48731153431446,-0.700425220574938
"NouMwhOf",0.466054474756891,0.119471307255312,0.68980986727721,0.102628256933441,-1.1611199566347
"O6YAWd8C",0.151701874410556,0.236248029704972,0.373373717069669,-0.26693766960085,-0.472670187217814
"OAXVphSh",0.364613026437755,-0.0807727018204508,0.638562480217022,0.110122000607236,-0.918721533390615
"OJBBhb6Q",-0.0602584127896017,-0.489423830810561,0.145702308534261,-0.357470563941683,-0.118467326826407
"OSIQXImL",0.00624570900709337,0.175083876376969,-0.187859612538526,0.0812774311289168,-0.807458891412144
"OUUFc5Zz",-0.597346866790834,-0.197449776702572,-0.402695950623668,-0.323380166629215,-0.50396476630308
"OVk1lquT",0.269898785124794,0.30135179527078,0.389968305658622,0.907990780050976,-0.684837991705506
"OXdRxjzz",-0.167192019746579,-0.567980799717387,-0.821870043400959,0.213018768742483,-1.24421211692938
"OXxW2ekf",0.0981959823532074,-0.373454232963645,-0.488564716926397,0.570685730964288,-0.79902047208279
"OXz5OpqR",0.497015389578179,0.298249075288903,0.541924040791181,0.924368532966323,-0.773674455478742
"OcBFW1AX",-0.157744560151702,0.257427518585777,-0.488695807419347,0.475225999664463,-0.976131640847276
"Of9V2rpt",0.899485112322797,0.634213906464819,1.02390166713815,0.408568754522661,-0.909358607485709
"OfLxPhbG",0.654861737979402,0.299464383953437,0.749324390402603,0.824438060727171,-0.630949604203954
"Ojx2vi48",0.11363313181632,-0.41481282881517,0.071313508236252,-0.515281443376917,-0.643541444801337
"P3M32iuT",-0.580498135546124,-0.498152017263966,-0.484129968012841,-0.666158642095932,-0.0832444311677258
"P7olVzrO",-0.675032537475249,-0.00432691304518737,-0.474765574995949,0.0803448029773683,-0.695046506714305
"PAPHErnv",-0.882142282621142,-0.0228933086079889,-0.913502085883335,-0.209594414663524,-0.872505139784365
"PBjEtfXb",0.190218588270668,0.185405367578742,0.357738672407051,0.278977108905419,-0.397515035807627
"PZGpoBBj",0.753127699651834,-0.168181356672371,0.993855211824166,-0.115246563583592,-1.3829205020356
"Pc2RrxXS",0.499112511075196,0.153323995052208,0.541721754944616,0.374617174750809,-1.00243241193032
"PcHQ4FOu",-0.215845167491945,-0.175620643883112,-0.632946916377522,0.294788543261532,-0.805229982316369
"PeNyTOVN",0.592792101048844,0.354910667699585,0.680943413049016,0.952296975864615,-0.611520467699691
"PhUPSU53",-0.842803719002433,-0.160070457276747,-0.76360059230072,-0.292338378050172,-0.738917176458285
"PmUNeV2O",-0.059370774910341,-0.633249291446105,0.0536415481682303,-0.970740687359567,-0.590440653081096
"PoDJ0uvK",0.244368451435903,0.438790339378532,0.379355482233884,-1.21733420220526,-1.36057494924559
"PsUJdJdg",0.331915517122347,0.214208164077829,0.528518441866018,0.809787313066918,-0.535853261467087
"Q3xLFx1f",-0.321590830478375,-0.27714178038222,-0.645141048896057,0.701323069301535,-0.986145730036447
"QBGxCvdM",0.0352538831608788,0.148599824733678,0.320261163565697,-0.381964395886807,-0.352062819633499
"QCEPyu6L",-0.835603025165359,-0.00239860915441231,-0.794569130241997,-0.164743370626178,-0.87148919702182
"QEfwec4s",1.49998657309899,0.0444650578357823,1.24226788073997,0.469276732199298,-0.733121007024351
"QZ87Nnr3",0.115137289031449,0.0554775897565951,0.00497133343919609,-0.331176304343372,-0.326339559071169
"QlyGN9jv",-0.523094784539569,0.0206842503941753,-0.314005968612516,-0.143271408197216,-0.727456125966868
"QqgWE1ny",-0.0139476604198034,0.189814983984024,-0.430227109215832,1.2687614690974,-0.783650999713244
"QrjjBpZd",-1.00704044445228,-0.406654878862589,-1.80913323855559,0.629996919147985,-0.872836162991307
"QsaBiX7V",-0.0395734340473978,0.0968997951909729,-0.450070419328821,1.16682533873207,-0.829287595728303
"QtBKJuZk",0.984505023719041,0.0546163067552646,0.902177315195542,0.44893425579148,-0.968051506703275
"QtPRO8OJ",-0.46211636533036,-0.140694539080913,-0.296755707909516,-0.243157274259118,-0.700022361079535
"R8XcsFnp",-0.468457512536455,0.352063184694643,-0.169622050224897,-0.619786001137986,-0.770000532340567
"RROfRt9z",0.547000848252307,0.372589427423039,0.538415669183214,0.79248802759243,-1.28767716965375
"RTcbiDGq",0.342377750763085,0.0275006491081558,0.406297017167148,0.274373089710152,-0.981712040308301
"RVidM9g0",1.26959660418958,0.136450670303591,1.48056183981158,-0.0595900851594466,-0.408458570579745
"RZnQSH19",0.489739862602594,0.236025546284929,0.413106522112764,0.467184818796374,-0.784473732848256
"Rc4UK7fT",0.0966716159610861,0.304601807166361,-0.199284750576424,0.65666709118514,-1.0251778379007
"RcKBKh6B",-0.772132253794041,0.0182316259499493,-0.699453301136711,-0.25721632428146,-0.457927293829979
"ReM5kDa5",0.132583316644449,0.371968845910114,0.344869815660172,-0.0251344056044138,-0.425462393039037
"RfntsotG",0.280511125227825,0.0824440255461237,0.379865332463362,0.0244807545879573,-0.616276453837256
"RiXMlzXD",0.264059941360678,0.00912610625437156,0.362087749265427,0.075802631592166,-0.997824216283277
"Rik83O3m",0.271038530782303,0.121632953846135,-0.0830095824505922,1.17302425992726,-0.868716679952086
"S3PCzDzO",-0.0526190320495455,-0.199368551960314,0.43355058676584,0.588656405532933,0.313519225586794
"S77BviOJ",-0.224557537271532,-0.00630567919182998,-0.56023366031087,0.675358383190628,-0.773231129590692
"SDdvtktF",-0.115903280391058,-0.410786797119478,-0.618755589612968,0.446236802308119,-0.967683299948984
"SHs1AyfM",0.704336648738919,0.406391184959918,0.691369997908689,0.823061120803752,-0.809703519659311
"SO4zQy9k",0.189046513070045,0.202365995154493,0.194830936723355,0.45857536701959,-0.555430624403172
"SOOBCoiG",1.00026048989082,0.335289701363858,0.964802532598256,1.08287506352081,-0.28563870477062
"SXkkPB7A",-0.396823879269566,0.420684272568655,-0.0968375684702189,0.144487898771604,-0.454129072270019
"Sa93dGqq",0.0758779731824668,0.306562583851899,-0.18844481517583,0.442130143000952,-1.0172693549726
"SonIG72a",-0.528779072706597,0.191404838073842,-0.238620655429349,0.241928949787403,-0.701143039053
"Suf6hIBc",0.241833088829547,0.216248155699201,0.192279150439386,0.44050238115644,-0.611183177714013
"Sx2JeSRz",0.663136945656221,0.580318899246786,0.936471164697446,0.295444139493741,-0.656772104469238
"T1Tlftr4",-0.341987886884482,0.296596566884164,-0.125329661059701,-0.34389954821795,-0.631745027333116
"T7ulR4ci",0.840741352351693,-0.0265480895885005,0.535508847987467,0.631272882725991,-0.631234349010266
"TA1NB3Br",0.0776863324889688,0.171247583267268,-0.00767597943712552,0.420403541822056,-0.671167854865618
"TFZUskaK",0.219557780349354,-0.0900932134448896,0.143699608147989,-0.00796787604874438,-0.579127782968369
"TNL8HGWZ",0.141686895429396,0.203045206777947,0.272606570021135,-0.405709173530211,-0.456753234774094
"TZ8z1GSF",-0.138169554237518,-0.531743289783077,-0.541038041997592,0.476470982422233,-0.879743055944521
"TqhRvkJJ",1.09990765499713,-0.00370034343305534,0.827417634308529,1.17604736000447,-0.935092719719894
"TtJCUiY4",-0.498186477825457,0.370839050216873,-0.10054016879367,0.0874536624053667,-0.30528129989149
"TwDq0lua",0.902577446461208,0.441395719841099,1.01698311879809,0.200726017408287,-0.937913823562556
"Tzyf02sI",0.80524780718829,0.517129330584759,0.962652484567478,0.635565131332734,-0.239289431654814
"U3yI6ZS5",1.35778346288575,0.092334206022349,1.25254003920261,0.197089608774303,-0.952817985394623
"UBLnXZAN",-1.32983416932598,-0.312294396626074,-2.04384863779981,0.889191050169534,-0.810970652270678
"UBWDzleg",-0.625956478959511,0.174771337761388,-0.547203572748378,0.384785903005251,-0.858879057808922
"UBqkX6SY",1.04075046882018,0.161708708722027,1.32383991614228,0.656897626153504,-1.27763384959192
"UCIAi1Aj",-0.535767550939742,-0.177248035119279,-0.363611800711148,-0.183170048081883,-0.508823916162459
"UPbXGvCS",-0.0894850205645653,0.0799764586447346,0.250549198357526,-0.354947737032842,-0.270410817964852
"UeWm1l9F",-0.183505304953328,-0.473299823551377,-0.854096594473829,0.789927300159129,-1.07160444718418
"UhucscY7",-0.821348378327252,-0.329292057271792,-0.827978213611113,-0.636678514017226,-0.834887924493834
"Uri1SvHV",-0.0945339876195829,0.153676630708618,0.210229562535747,-0.471327338891032,-0.431218549980328
"UzxipGJS",0.342009409002585,0.227848973202888,0.432404356711878,0.507335250436951,-1.03508168102506
"V74zfaAQ",0.272330458566133,0.439122294874448,0.511221465574912,0.111035823516546,-0.578914615187745
"VBPxBLTh",1.22119070160853,0.455503826550032,1.18162844173199,0.622292854612892,-0.906221978306426
"VLG7CXYS",-0.58745703796021,-0.0236415523152499,-0.315637225919609,0.0975475199148443,-0.535383529303433
"VNk52SpF",-1.38346243856534,-0.282684037613848,-1.92062802117527,0.501602964975095,-0.932652062859937
"VOREKsok",-0.494342981894808,-0.19043805588068,-0.303529561714557,-0.494417577091476,-0.400330178781898
"VRhTr5pX",0.57631541149545,0.0554566474137855,0.561047066522052,0.100221414624055,-0.932963230131222
"VTcG4Kcw",-0.458013537426646,0.437722408370761,-0.135048812001173,0.049360871686405,-0.505039425443827
"VeKiWSbS",0.322393580895629,0.255383615582646,0.445764687985232,0.270941863895261,-0.525375895223404
"VnU8nJHU",-0.100376089289935,0.0311453991897649,-0.318287077355156,0.697597726281206,-0.671565217638436
"VueNCxYv",-0.731917816435582,-0.204325729865621,-0.734546047931083,-0.680988100473555,-0.667431063275751
"VxuQTRUl",-0.0277983836559236,-0.0729970553275384,-0.521082237285062,0.796701039139253,-0.880818372647286
"W5lgaocA",0.802552128917907,0.332996770274786,1.05424866022857,0.104280858750512,-0.621697586087044
"W5mMq9Ef",-0.390458499445814,-0.451059240771047,-0.894520011924363,0.471280504531683,-0.937814581526398
"WDhNqFpS",0.00355094393974059,0.15635535651643,0.072183621430916,0.111462663938302,-0.752134330971888
"WE6n1kZi",0.106006784607924,-0.325602168463143,-0.639553616468319,0.829795176398292,-1.3126898189622
"WFk6r3vA",-0.0876831637008828,0.0645961366055437,-0.432423926575763,0.743798030613526,-0.853109238945001
"WFyIrsUR",-1.33568882297242,-0.422451763218764,-1.86624067534197,0.24041164738791,-0.842463026549556
"WG6ZAsqR",-0.42051807550169,-0.107796521942025,-0.231677743505681,-0.301538390684887,-0.47396683225034
"WMq3CZQk",-0.970659082277189,0.0381921990653274,-0.855282266503947,-0.521816861235284,-1.03280315888066
"WRskmGjh",-0.0819256733893086,-0.074622757529152,-0.449462276200554,0.372188448012915,-0.945699200053431
"WXijSglj",0.281382519947338,-0.405102520878892,-0.356103297107159,0.884485879364201,-0.982672473537337
"Wc0stQgu",-0.248423679851594,-0.57560262773984,-0.920240110147043,0.242536836986001,-1.14113593405479
"WewoSCUB",-0.281870243224728,-0.667228567964143,-0.0607683376848229,-0.942332848599042,-0.237058585279198
"WuHuhHWJ",0.744680721277827,-0.182334918033397,0.616876864643613,0.674566088591465,-0.350847356098531
"Wv7EBtZb",1.11513021709465,-0.0938587765016552,1.13392096539621,0.261326575351011,-0.651800225829196
"WyPlxDn0",0.334042969167335,0.231132264176213,0.38605040073596,0.486588557277832,-0.529901233750969
"X3WqoSNN",1.32565626282609,0.275392625597401,1.57689381226778,0.7545995302215,-0.842204071956645
"XDhyP9KB",-0.0211682018015918,0.0366486724764913,-0.303319593033012,0.695128753966479,-0.921366797719172
"XQxhDRMG",-0.228760875088142,0.0643434813259787,-0.592670018543832,0.00416471422377374,-0.89964409226249
"XjLNAwxW",0.00605676770584235,-0.0143301299222326,-0.00525166338177452,-0.282942349526757,-0.76208936364419
"XjfVQbXd",1.04097458337323,-0.108731687700717,1.30782621922237,0.35965025156834,-1.43993062734088
"Xovczbf6",-0.56019232884065,-0.167778067690434,-0.340947462773622,-0.411713704076265,-0.251058130311549
"Y8H4onBf",-0.662838356456838,-0.660770509428185,-0.0340483894357514,-0.740800281163201,0.241368022453274
"Y8YgzSZ9",1.11317985788682,0.110058064429692,1.26234691142093,0.477946887163459,-0.914088290910919
"YC4PNV20",0.310254853986473,0.0933501732508271,0.233053463823688,0.157405843208252,-0.445177296835977
"YDHSCRdd",1.51425374973153,0.221505036599853,1.33378881346632,0.893447668313774,-0.764506364200993
"YIJ87aME",0.592931568322576,0.161655980392206,0.485923467369099,0.683112298482544,-0.668118975714132
"YKvT4dFv",0.237250542102161,-0.241459235461944,-0.309263647920672,1.17991876227971,-0.81008775091814
"YNebALR2",-0.504515905220371,-0.0794996885387668,-0.674580993930266,0.0208594496840825,-0.823127127639417
"YNrnqFyb",0.661403701031189,0.43992285598165,0.723574217256726,0.924028121453069,-0.751110852426092
"YUZ4lR3m",-0.980337187910353,-0.0301751492059389,-0.889888640542277,-0.267971078322321,-0.544534706123274
"YYLvjoVC",0.863817169471981,0.385411127414969,0.78526935727548,1.0186679288719,-0.845450105667973
"Yb8OtMb2",-0.137709403503631,0.15366605138446,0.205068940391861,-0.517243709413163,-0.428443340875807
"Ycg4lTYw",-1.14196057852468,-0.447589166369868,-2.07341155318329,1.45543819245508,-0.773970144059621
"Yfk6tekH",1.05948554280058,0.433364211578574,1.35830256718762,0.302256957048591,-0.402233501513135
"YoSfgmR6",-0.241091029136937,0.0403402897486452,-0.509616358684003,0.537851223514965,-1.00178863802088
"YpzFvexy",0.0809019952424869,-0.463031279012231,-0.731785882643974,0.554769825003249,-1.17931540510509
"Yxqppfa3",0.347298820009248,0.267434776134355,0.488616005017314,0.800242895471356,-1.0018955558382
"Z16jTUvP",0.105874337828024,-0.20133135942612,-0.403786641527428,0.990126291861587,-0.830818193913718
"Z2BdCCbJ",-0.636036450971247,-0.027508217488064,-0.384773660460628,-0.0346715315409248,-0.377104338455046
"Z2JJMM6V",-0.855078908604924,-0.0297449566982072,-0.997351278371861,-0.00236806371003989,-0.707979752157739
"Z5jE1OB5",0.309539466895992,0.196323507765013,0.473532805624673,0.606004092939963,-0.836532518389202
"ZFsIqYxA",-0.654818988183527,-0.0309836972273355,-0.755424102639461,0.00519495985270096,-0.6038021436637
"ZHDVsoRh",-0.149126133254873,-0.485729285071609,-0.599629676515609,0.685982936146304,-0.766831739291474
"ZSmfu2Fc",-0.919500230089325,-0.042419787729124,-0.829623878471129,-0.212359355015778,-0.63337731230262
"ZU8YXF3H",-1.08717994104775,-0.409079902614884,-0.837757839193107,-0.393328102721811,0.0181072806029189
"ZXKaNy6Z",0.841648274684846,0.185276007966211,0.785476277670304,0.379247349824119,-0.845028814909877
"ZbYLo0zK",0.480798421330954,-0.263356361990645,0.723752659071335,0.386689384477224,-0.691921203347241
"ZedN8Gcn",0.339495222283494,0.0279692765245597,0.415117899838183,0.283516222390384,-0.969639148725888
"ZgD4Dau6",0.31790606785874,0.0552336519018455,0.351183076648928,0.272893081931942,-0.990136088310189
"Zgzf79LA",-0.0741944399659398,-0.467077360072566,0.120809039426183,-0.598635596691679,-0.54907285751118
"ZjqzxDOF",0.786344793411395,0.357676284663444,1.1504244924187,0.13246699304615,-0.391976125717528
"ZsZ5aDpq",0.457581056766247,0.269707396042171,0.587513956665496,0.837583039848536,-1.1178236791978
"ZtyqE7If",0.620116965920785,0.302239170324259,0.556346828151275,0.406924149016888,-1.25786050080887
"ZvUgz01f",-0.554301717561986,0.209091279792631,-0.275402031105607,-0.401880133409003,-0.449361719710559
"ZwrhgdQV",0.33140712815024,0.219896681740323,0.680947283011033,0.378783328318706,-1.05227179702215
"a7bhJGBU",1.22990082325186,0.31683686842117,1.06877390357865,0.0860026255266491,-1.25021034648993
"aHpv6KzP",1.18326440854625,0.360098251430921,1.32944165936126,0.58812996160167,-0.962838537847371
"aINzEBVN",0.164142288583941,-0.500012827729238,0.151714131787408,-0.792042495820454,-0.86572639652161
"aP9EtTGF",0.701071872496736,-0.0254414712008273,0.786018537565054,0.192503167925507,-1.25233719592259
"aV6EhtSL",0.282134393907416,-0.0492797610842441,-0.154970805027058,0.803876191894505,-0.923791032942459
"aVZsXKoH",1.04447177082823,-0.00661704576458788,1.24837438778384,0.259187556212924,-1.27752105439577
"aYVnVJvc",0.0193529008053865,0.412669040576381,0.405080384254762,-0.0403362244983241,-0.393405143731141
"abCzN1zx",-0.327243361867948,-0.691036118428642,-1.01604061782362,0.314539539715545,-1.07924279732073
"ae7sMiB4",0.61172752842379,0.185722007780498,0.614943111134655,0.600644611309298,-0.694487254151009
"afsVuCGV",-0.914569722671647,0.132999592463557,-0.744986000077107,0.189730360626461,-0.62856745849201
"aiwBQETI",-0.081575380334247,0.0526836579136424,0.264151188456219,-0.292341077006647,-0.187705425386068
"aiyli4EI",1.19939760535713,0.314483940664924,1.16260736086541,-0.444007300660611,-1.51059701176534
"apJ7NmzD",1.02438040796982,0.154804802171531,1.30974183720422,0.629865870100397,-1.24211563862371
"atVjNMtQ",-1.22580198105069,-0.202909602061379,-1.8149583478203,0.781820397396977,-0.8697467149103
"b5GirVGV",0.327207876592688,-0.0313338702831015,0.433400101068126,-0.014565389225518,-0.86557255697041
"b9SpMjNB",-0.57963347201181,-0.0412931203276836,-0.275001836273265,0.0475183926883767,-0.454541610176208
"bAFs37yy",-0.644684694198162,-0.149215306558825,-0.545385353000216,-0.33312408136638,-0.411016154906141
"bDia1hHV",0.336612945525688,0.288041524192545,0.514060095294369,0.764883092324835,-1.0464507748997
"bFkv5Mtr",0.655568126645002,0.486909836241487,0.907598691226282,0.368571925035452,-0.808833332694015
"bHe2IXgA",-1.34981242418966,-0.317883692397187,-1.85895287256475,0.59885994547796,-0.850976858644924
"bWX3vUm5",-0.113578013168065,0.320608308175238,0.275031447833697,-0.113495109400684,-0.363225356985837
"bat8tcGs",0.709784999718767,0.233078690099949,0.541119402501644,0.713325909785561,-1.36815704176015
"bfjej4wu",0.0944203702779298,0.0633774184936178,-0.294970898375067,0.361276673512181,-1.06983261575577
"bh04YDiP",0.0945969471608722,-0.268166737738311,-0.35084332586258,1.1391961775427,-0.780667537787584
"c110Fdc8",0.348206336232211,0.0902636611661759,0.386270978718709,-0.0727138557022718,-0.615228774971606
"c32GUzMa",-0.208012857630899,0.0572980418022725,-0.587468021667258,0.212039385135435,-0.785841870694109
"cT6uU0B0",-0.25683627798252,-0.315112670403001,-0.645845116583871,0.873170670524787,-0.490106468272338
"cWXCiFwh",-0.0273610330670391,-0.0491236175775833,-0.548891353789179,0.54681692833671,-1.08500171259294
"ceNvS3yd",-0.809885686795381,-0.0103163087152074,-0.821005721519498,-0.153231921217862,-0.80960574777807
"cmwdt4Av",1.337774352911,0.276991606187676,1.17994083291839,0.823999841919532,-1.03239543119699
"cn4EHsup",-0.226607940873645,-0.524340803900554,-1.01037380764146,-0.0209634775947838,-1.21457850930534
"crVOGGTT",0.650120957325661,0.415219775519381,0.651734461529122,0.833594455876723,-0.591609474366497
"csPEJ1E5",0.0148326584554588,0.0572083203327216,-0.634333278595002,1.15382286128553,-0.645371613005355
"d0UrRtMk",1.22193048932642,-0.0383450438130245,0.808254286627098,0.999438708487171,-0.425577893428476
"d6LU4G4I",-0.576938490799629,-0.0125480100295664,-0.314318035736065,0.117704689516605,-0.343984741274543
"d74T1DVv",-0.915170573119151,-0.122208238525926,-0.971024970493186,0.275255507422871,-0.923168378715408
"dR6rM1tQ",0.355021395629887,0.322259700071182,0.503767642391941,0.670043358561744,-1.17949996911614
"dUNxOoqg",0.204593274852404,0.103370058682444,-0.215555549729396,0.411642023354554,-1.16344374997611
"dUnlyhj7",1.02441930222132,-0.0266016805748684,0.72371918643952,1.01655474338595,-0.952747784494378
"dVDlnZQ6",-1.65989256864454,-0.552700688585241,-2.14199164359742,-0.353242225712821,-0.767446099213386
"dVT26GDu",0.203170759315773,0.122699723126599,0.506655136153606,0.443010500236677,-0.289834644004551
"de43ycXY",0.761667207048802,0.160084688359385,0.911714958684088,-0.312524955177064,-0.675875074825613
"dfIn7m9z",0.102879438892237,-0.437882254960706,-0.424036356159394,0.758547046425838,-0.813241793598561
"dhmb9ZY9",1.51066771222002,0.0919329983142742,1.53201123050682,0.364680116669285,-1.00335931720328
"dn8kCuyf",0.974963344962388,0.163801396390904,0.971521170762597,0.512471489703706,-0.791076089290216
"dpcquvWW",0.288078729885884,0.205982112451581,0.452490660279046,0.550711105923598,-0.826297092714182
"dqcbIMyr",0.0690520295015102,0.119039343721056,-0.212935602475395,0.207358567138781,-0.981376105043556
"drWgsBf5",-0.647096322740214,-0.0352008030656638,-0.501073532286199,-0.212771244672374,-0.791135285489182
"dytx0HSe",-0.598111930115679,-0.115989673654701,-0.380487076444463,-0.463854364532873,-0.474649081633929
"e4KkkIha",1.21724388634485,0.0594538552568039,1.16072557416078,0.564611392527309,-1.46096421466808
"e9YorH4m",0.237528089349274,0.0576078149835734,0.614207976265115,-0.332414177496612,-0.0936051281154845
"eB9gVQ0R",-0.342893752585079,0.302948510497849,0.0797261390854351,-0.495960217499348,-0.261970350023781
"eMhLFqU6",-0.321574985571415,0.0327884642055122,-0.641462809912383,-0.0160816821496329,-0.875266873584093
"eMllg1qm",0.254119108653466,0.276141023280925,0.699196792149219,-0.172776401226515,-0.776833667466518
"eNPunZ9i",-0.32192886966968,0.206527206643737,-0.561102081724793,0.375705950221332,-0.855222123040126
"eS5BSM4J",1.04997677320071,0.19562155349068,0.753527892235308,1.20483645672698,-0.601961017524358
"eVGMFoOI",0.224703674963722,0.225706559614549,0.683638726021009,0.0398757664481315,-0.0491214286379342
"eaIwb3rG",-0.429570939803416,0.413493817138849,-0.0520861814801407,0.119144255013036,-0.268939051138555
"eyzw8Vis",-0.302863268627851,0.430895261116362,0.0497829852933808,0.223498585870739,-0.339759218986143
"f04Ke2bN",0.0331235593980853,-0.299497083661401,-0.687372673124297,0.84007231589414,-0.988991429319509
"f4GA0te1",0.104102077019433,0.0572080052051991,0.225708395504509,-0.338004785090494,-0.569766750183915
"f7bd91h5",0.820928640843006,0.139465939720069,0.599352189029393,0.989542540561452,-0.565655360131629
"fB7z9ndr",-0.584484753628263,0.384112866106632,-0.110250030011516,-0.064043571508074,-0.268423290730259
"fEe7AWFA",0.550262362840991,0.200276524508241,0.460658749550574,0.404927777877438,-1.31265787472636
"fJJIbgY9",1.38878511902707,0.231143932907004,1.30003473765624,0.562091750583136,-1.5013895384378
"fQBURMvg",-0.487208070867965,0.0183391753318311,-0.134194036386826,-0.0590067329152381,-0.482097256713142
"fS0HpOub",0.491766500446432,0.288067023662182,0.517835857446232,0.547134292957179,-0.974582988611518
"fTDXauuk",1.07512617011246,0.268028547384987,1.29208435799341,-0.0699132442569619,-0.441991645577994
"favPNA2N",-0.191782531927863,0.20783424888845,-0.404789210342153,0.537790592823816,-0.837064359802107
"g3Fv0U4k",-1.33446471499611,-0.483243640747808,-2.12605774668264,0.475104708392772,-0.786554455425025
"g5PKo2E2",0.733945413561178,0.395162175182024,0.962407305227566,0.0763731674128896,-0.553521319781894
"gbjnD5fe",-0.396116523496056,-0.585669557785538,-0.87961944481835,0.234370365228485,-0.605976087867585
"ge9zqXCv",0.689116819695185,0.221596003701822,0.648159652849132,0.525334327749153,-1.30236878972911
"geeqJpSE",0.163157013974546,0.0317264533579915,0.106635390936551,0.0507738366834465,-0.511830583398316
"gqy1J2RS",0.867350513613446,0.654115022110465,0.710101596888042,0.298420448964312,-1.18356438048687
"grlUtS3H",-0.346808525260651,-0.454159599846979,-0.743773945560358,0.245724105518756,-0.899082618253339
"gx965KYj",0.389372821561244,0.127302834827005,0.491009800586599,0.592495406582477,-0.698732738459244
"h3F08Vjm",0.499765117047209,0.479118829009481,0.996172805180432,-0.0203448130218938,-0.504480541933843
"h6FQG8Iy",-0.448849621326969,0.234901686284304,-0.147642556399571,-0.314916681869174,-0.222818721615651
"h7ftM8b3",0.700723016741981,0.144595885578853,0.86453301629656,0.594950106388573,-1.25777725730845
"hLrCHXZv",-0.0506782055208991,0.326705501340472,0.30873010704825,0.0406646998801568,-0.307724822564078
"hQ6VBuFx",-0.344827727909477,0.47146574817991,0.156449959424507,-0.0936816061394642,-0.269828822190003
"hYoR2y7w",0.41194169689934,0.357977019134572,0.391687887055645,0.675234527835247,-1.39070761517015
"hf65yZkM",0.467190122842818,0.103133538647178,0.516753664273874,0.451698286767859,-1.13551507715151
"hjuwe1x4",-0.332266700483157,-0.0332127975322969,-0.515256126012483,0.593081188602312,-0.227746021686584
"hyINlsFR",-0.496340849547446,0.427084569453406,-0.0862215553976281,0.0187085572606467,-0.433771393833319
"i0Qlm9Bv",1.05010669026118,0.213272796027962,0.799666858801556,1.3854758048794,-0.714608722214266
"i1VxfxMb",1.05332077187587,0.0445392941649125,0.723667651819782,0.987485612869869,-0.714728649010445
"i2l6jXNP",-0.909710047792669,0.17243336994352,-0.815852927844977,0.100217678871858,-0.823710633208973
"i4FgPZv7",-0.606747396880477,-0.221638126709688,-0.376530722343015,-0.40394298618973,-0.380748993364874
"i7XtIkSi",0.422491947945784,0.301872827641028,0.534690235003561,1.1092146784567,-0.624321096279427
"i9z346Ut",-0.246593762989919,-0.462493039282848,-0.770485056730808,0.664950956182678,-0.970086474132224
"iDOat4cZ",1.43263848898494,0.000700265378394141,1.44739968348979,0.223578921391353,-1.26180130417991
"iNv6RoSO",-0.205904310646671,-0.382366756617911,-0.971140532178768,0.691968142546462,-0.940972328337165
"iSL9NYzy",1.46231864398145,0.0440000382729994,1.17448552611844,0.49801023953982,-0.973616123567601
"iSqVc1r8",0.752552385706102,0.327424944173174,0.98317970126307,0.0725713021417358,-0.65541824425493
"iYZMftt6",0.529177674740916,0.149535461711527,0.549917601297891,0.400679456358258,-1.13252046256661
"ieTPaa3c",-0.269446092209298,-0.467933856547338,-0.689407190321099,0.132525422487599,-0.817546622585704
"if7BmzU0",0.0560908376017447,-0.00659368843789204,-0.104364191454218,-0.0224525887745046,-0.608135318398724
"ihNz5bmx",-0.786955364383303,0.149801659308675,-0.734697868612482,0.405517745938684,-0.866194045554845
"ikJXKdIN",-0.289220070350804,-0.593245098509023,-0.415633558342531,-0.716243287167197,-0.484251144998797
"iq2kxikN",0.213246539701315,0.17927853985674,0.415013055848002,-0.255743934918449,-0.459273499753745
"iuZEDJK7",0.0114954017008643,0.00104512039418968,0.180376257508196,-0.373477657818505,-0.437895534374457
"iyF8gVT7",-0.496675416274669,0.199744978433444,-0.178826684638202,-0.308625472695855,-0.313002704901948
"j06qdQ0V",0.328781007244364,0.198208445222599,0.476529085471974,0.636947507006806,-0.915366302959114
"j7hl8svO",0.075918133634738,-0.0458267116078695,0.134290069994752,-0.178161716281314,-0.449017266091155
"j8hMoJUN",0.130499096839557,-0.583872279647981,0.00403163673577157,-0.873232724468278,-0.715126142309806
"jNaFasbV",-0.347309821968728,0.0135367270099576,-0.475557192924059,0.399573437264432,-1.11986979637562
"jVVHeYHT",-0.0753307405546735,0.166022986869159,0.224580129144255,0.77655252243926,-0.159400238185098
"jXm4ySvK",-0.655669130616668,-0.0103431284498372,-0.368000964109049,0.118007676387593,-0.460363022537126
"juO5ii5l",0.518803154913364,0.16653948610344,0.54964540139217,1.03480279813454,-0.733709294680272
"k2hdEBsU",0.950802314122863,0.114793561728266,0.740482383142094,1.35356749651981,-0.42793574022039
"k3ynMfhN",1.0405537410811,0.0828861683713667,0.905965539661018,1.40468859280357,-0.716617643145052
"k9C9yBtr",-0.104736274185182,0.24806641093018,0.318396956856997,0.0104165788488595,-0.213682144139126
"kAKRvcRo",-1.40244333786177,-0.479188539752805,-1.89160488308626,0.0992452488001545,-0.720083343287497
"kBi3R2oC",0.286130403780261,0.0812012492326378,0.350642392249988,0.548252205569608,-0.618604853013932
"kDWmnsXe",-0.073236815101108,-0.11247735391638,0.0307710106853911,-0.200769479188355,-0.274646716722702
"kSGBd2Vh",-0.00117274370114728,-0.0306554608974568,-0.0806383866148778,0.00402611984585377,-0.598867270640463
"kT0miHPT",0.492100841591277,0.240243489412711,0.649626428188047,0.414631712144178,-1.05290288540544
"kaW0TfRn",0.22158525016961,-0.361395002904169,-0.260660729753222,0.899969645855144,-0.696279951249504
"kmg3SowO",-0.107096113610546,-0.605547260884183,-0.713573007499493,0.379700730960171,-1.07283630531505
"kpxKSlnF",1.46527585936343,0.427186186082054,1.16697029357383,0.781428620308097,-1.2308672171462
"ku2cn1MV",1.01631444165315,-0.127766097296152,1.45231873930223,0.791242092940989,-0.0650280905303173
"l1su5HU9",0.239839130411451,0.203001897529752,0.464341488425968,0.802782399393559,-0.425287120945215
"l8Tg2RvD",-0.0721821990537666,0.338724240018526,0.166244980846835,1.30710919076537,0.142903208881154
"lB6NsVOc",1.00540290205448,0.163285514333166,0.888423349663215,0.699814207170345,-0.318033180327152
"lEcdVyKk",-1.08367980741138,-0.235955187501819,-0.755196988571755,0.0112640416414272,0.0143864995497918
"lH4TasGl",0.685928270553759,0.204766940732596,0.820617284635217,-0.241056279857917,-0.504481207283221
"lO9aggHW",-0.332544229795829,0.137870066056141,-0.436172829026605,0.992725620958072,-0.226356418076635
"lW3m9Vzu",-0.754324208697702,0.0366221114535589,-0.736580584930948,-0.0376106647841514,-0.726796921796908
"lYLseGDP",0.830780426120785,-0.0177470556384633,0.819325915578423,0.471328200949705,-0.844056578150425
"lcOnCdZi",0.667456292922899,0.36944785440808,0.884666603836293,0.124887425834345,-0.454870095403944
"le9YGwON",0.288927247378485,0.282935001886466,0.447561280194995,0.869896507168661,-0.614128079909708
"llMvu3TX",1.19661510803825,0.106682223546327,0.978068722945478,0.257125965749843,-1.49855202354594
"lnHh2jFO",0.76244126741315,0.122156358885329,0.95645157877804,-0.263824000266791,-0.650139194758605
"m07CVXd4",-0.587971635263531,0.212672014938129,-0.191960861998644,-0.473440424497019,-0.25318754961899
"m1lPk91z",0.841191472100809,-0.223479209530724,0.735376786074375,0.963754506035752,-0.215556959355931
"m9IQdmwa",0.312154454452534,0.136960273692127,0.501478575127666,0.350778312634097,-0.808442505114764
"mG9BRy5x",-0.23884868828523,-0.0122139857253619,-0.562127033435158,1.06076969468701,-0.566991991411536
"mVHXnama",0.149086663095047,-0.331224594497682,0.220038060729615,-0.428126067926516,-0.805186668375026
"mXyrR6nU",0.602128425928975,0.245657029381637,0.750803217744307,0.738631510226389,-0.524207170889592
"mbzNdxNc",-0.511909604479269,0.0486015048479939,-0.559251961371741,0.142717914154654,-0.859595309308672
"mntH7g3L",0.803628094984161,0.289000905254231,1.05412093867346,0.278157224240693,-0.383435151758214
"msRTXP3H",-0.378314440579488,0.0515264539428549,-0.21751120877322,0.270991408104064,-0.688593683076624
"mxBjvIPR",0.352909217119014,0.0575628324384005,0.360628693875004,0.135823665073736,-1.08485214628008
"n8Opmfbz",0.726445671962616,0.225038172275832,0.920438427975876,-0.143708851735022,-0.309537910569835
"nOkgU29Q",0.146404072592305,0.121866636253957,-0.18022216234623,0.208873358282748,-1.05150867064519
"nhttf7VM",0.502793641278898,0.404323231831259,0.516649820379661,0.912152741535786,-0.820640534460142
"njLbXYa3",0.321580803319902,0.0407298654836153,0.397932554623414,0.229459471752722,-0.956049125498443
"nwkIpzmh",-0.0335176545251894,0.016870990660527,0.404452621296233,1.22544765110369,0.0600672918129771
"nzB1R9Zg",0.730522403686303,0.348872410182589,1.04001971559958,0.188983896523201,-0.44887448927348
"o1rZRI84",-0.756556726716621,-0.177295858478919,-0.852881323845138,-0.38818936288601,-0.817402782529208
"o7q5Mbty",0.614885126398424,0.230569487692694,0.60003361315344,0.380430598203917,-1.39011217439721
"oCBvysqB",-0.233352476808306,-0.132143636481596,-0.58454653537752,0.163605883861284,-1.05064681597866
"oDmycTPH",-0.296291256610571,-0.421236620612446,-0.340506850360059,-0.338719134984971,-0.442047177230475
"oFAXZvQv",-0.10709724400516,0.0930549297784023,-0.388273436222709,0.710324793142593,-0.841504584826516
"oHE3M1zX",-0.822003609964136,0.157160095818735,-0.751426389898046,0.222871346432638,-0.772985013742245
"oMhVmSpV",0.0268541869888186,-0.0975232358363078,-0.452558620469858,0.987100695037773,-0.940577690030285
"oNsDqVbi",1.37807668261999,0.0578550323167574,1.21270302669981,0.137325885499859,-1.46224789557015
"oYAJqQk8",-0.284326417047327,-0.656811484873719,0.451319165071165,-0.91408834437605,-0.233345281634375
"ob5Kb6dW",-0.816359843175714,-0.0494982753767122,-0.58797969748629,0.0205985156438462,-0.275170866730902
"obnzqs79",0.0511843929203001,-0.593472743140167,0.195393727210857,-0.745159715905591,-0.344808932096161
"oncLcgRP",-0.0804798090454453,-0.314455037419842,-0.531540444363314,1.14206674761229,-0.746812307736917
"ooWVYaAe",-1.66218029174153,-0.383060480091872,-2.06493679762533,0.0447936081753755,-0.765786716896715
"osdyOUnV",0.0747351320478988,0.295329905753945,-0.12737286494528,0.609098400933771,-0.974390067686122
"p7H9CzCv",-0.301121433798443,0.237984237956126,-0.517742496588434,0.371631932455439,-0.912030547240544
"p7U9hVhY",-0.0895373872050986,0.0779369933834083,-0.0431306043865791,0.295444973471472,-0.491720149838276
"pE6Cf1RV",-0.465201559450942,0.264715518487989,-0.219949665951205,-0.366132920114775,-0.481808519618421
"pI7qzotI",0.575064962926932,0.464091958968842,0.851418180436761,0.338783048542014,-0.668722094932474
"pJrIA4sk",0.589825827242147,0.0351395930185713,0.537662585985432,0.220345792926732,-0.892940485378345
"pXne2CLZ",-1.40014284199788,-0.431783788685729,-1.708026913312,0.954918294724354,-0.662181590307463
"pZMcDIOS",0.512521509029938,0.0702279237187961,0.351302533359889,0.116796367588944,-0.863618390274143
"pavfp3cc",-0.273485449064605,-0.0852660619658149,-0.285989067815589,-0.136244138023804,-0.338442527599963
"pbQdC5L3",0.252131929169775,-0.0951201006424609,0.245327843508167,-0.0487949803377455,-0.295822870356828
"pgj7aAFP",0.205191832849119,-0.192477362576853,-0.193142338188853,1.25968222677187,-0.628066756574244
"pxg8G3ed",-0.501432135474707,0.255957297994587,-0.16881932149785,-0.396185436304426,-0.408243511660166
"q36Npk6l",-0.267113578989726,-0.483505526793813,0.472644142931693,-0.443164472637811,-0.156156342049592
"q4aDOVvq",1.06393575665165,0.663654388027524,1.09918929319399,0.755567249659755,-1.11019928487442
"qGmfR9CN",0.199527870462142,0.275350514998927,-0.139138133014537,0.794991691871245,-1.13160297494191
"qJ51ODpA",0.138748646466348,-0.396636208665837,-0.503429496126842,1.12709327076677,-1.05918819775722
"qQX3cs3I",0.508442779913871,0.130211725665487,0.471615240091063,0.547900687670106,-0.810652156410343
"qXeIxPb8",0.171127449847169,0.148422909247765,0.149405063966951,0.445556704101309,-0.540031592630484
"qYQ4MShM",0.213866701933317,0.0799372015245899,0.218735636729774,0.379197917701006,-0.557527494467766
"qa0etnhK",0.587621183884932,0.0431875199546539,0.706422696914455,1.34675273371468,-0.735142795178542
"qbL4sboq",0.362834800367586,0.173252080560475,0.310972557043549,0.951923381785527,-0.61794370302833
"qbYrsWHq",1.3400674961366,0.508370084296854,1.55770368222975,0.483324200680639,-0.429389164448595
"r1zmcUqQ",-0.387396171522634,0.25114323857141,0.132371816553082,-0.461906894934847,-0.70313433510071
"r54iHeQC",0.241041992679984,0.0437747571588204,0.111805912506064,0.0417962817120742,-0.616718788841848
"r6xrAnQV",0.860331083014992,0.16989465016681,1.13874288552475,-0.192528643769445,-0.384883245309668
"r9HxnQDg",0.871168326880394,-0.043764047994699,0.838453213132367,1.42522722897729,-0.308198528532729
"rG8Puuf9",1.29734706341299,0.351376704269802,1.14802881215958,0.587335255952364,-1.12650641272311
"rGuiefuR",-0.77355373354919,0.0337159807230979,-0.836629473601292,-0.118791740251608,-0.849874792732833
"rJ19OhGP",-0.544442568854222,0.0090602194435267,-0.248562928794941,0.0172836734112159,-0.291348325295828
"rOCYepHd",0.579680258664734,-0.0174219910553881,0.719414435606724,1.28644763945086,-0.161332638691358
"rQJaOPFI",-0.0711556051569956,0.0600041789704545,0.11208749978226,0.201608349820982,-0.275596763376035
"rQhZtZeh",-0.342607763958626,0.466769375944485,-0.0469237916478337,0.0573815848403272,-0.634879172818646
"rapmok0w",-0.701992877675648,-0.776991154087129,-1.32193297927267,-0.203493738958074,-1.02246265470534
"rgzfnPVu",-0.0676288089355246,-0.033398419154305,0.500496181604273,0.9608087950197,0.354442678516844
"ri4qhb1S",0.268776768220784,-0.0852662596946283,0.412928670553992,0.254038981962786,-0.415139223302796
"rqpFYzff",-0.24495817327062,-0.18671794895054,-0.647074388588002,0.652670500661347,-0.559527229556946
"rrs22coX",0.63824488982943,0.479025709044156,0.832305461707722,0.386848305564293,-0.460685223461271
"sEeUCQLc",-0.494263762082876,0.0272412774683213,-0.239975484490542,0.0742566609614002,-0.558680856564881
"sHScwqQl",-0.319780706072048,0.255769745712373,-0.0425052502197272,-0.213769036134271,-0.281767245010701
"sNC7DiAt",0.319855586140176,-0.0749368614171702,0.161431704505956,-0.22357581205968,-0.474610218749207
"sNK2TSs3",0.778472962243462,0.490273073221981,0.903284792507796,0.605481240562236,-0.412160523768516
"sO7Su6uw",0.399787571983336,0.173931539034738,-0.0928133682205352,0.527199385811956,-1.15937191170737
"sOWZx89o",0.203408769103354,0.0364366061923261,0.127484504874999,0.084451182447471,-0.592790530272296
"sPbRcPjC",0.6125234176934,0.472565336722,0.630293130005346,0.787790360473121,-1.22457933868957
"scVUfTKI",0.897815079783519,0.612902481992373,1.09336095690028,0.586305950138467,-0.910867841648793
"seRaGeVv",0.78492418487059,0.411292520775318,0.865755626242089,0.705156097178532,-0.73341668298771
"sgtwiYWi",-0.368160216330296,-0.619586053283985,-0.958002146744441,0.127356554819213,-1.03328055497013
"sjmLHcT6",-0.0852311158262688,-0.362050263012478,0.0431361985892866,-0.465827655978224,-0.226078241596053
"skZUZZGS",-0.531200939446669,0.20219739362853,-0.435387866171181,-0.14495959163812,-0.330936923952121
"suAmzADX",-1.69934185298918,-0.354007940473386,-2.0197295906172,1.40757781409552,-0.438213780679268
"t4GWLqlO",1.08683084871186,0.163287463237001,0.896129092436888,1.55080938028771,-0.896970637114819
"t7gy6Jyy",0.858422836433971,0.351235339721533,0.920570473093649,0.372506069719092,-0.473208624706446
"tBadzH60",1.02085478022426,-0.0181008799652761,1.22727385040686,0.224570783715105,-1.23675900905865
"tXUWm0hp",-0.147584250226544,-0.24391910655386,-0.56220569183874,0.768058519248003,-0.836053756786686
"te6UPPxf",0.163672986910503,0.128809085878524,-0.220023846085679,0.766027434062962,-1.12298166885511
"ti2lamkL",0.582078139342937,0.155517625584092,0.801165807809384,1.68841505764375,-0.160737538831811
"tr0lpwuU",-1.61008110406689,-0.491388333695969,-2.29424846460288,0.209609236562955,-0.764440444606823
"ttdB5C73",0.979764044761361,0.225368223034595,0.978191881663247,0.83674632627618,-0.946306044190814
"twS8YZu9",-0.655395576534423,-0.172492638748196,-0.539798403921965,-0.272240121443674,-0.774534397126503
"tx68W34H",-0.345221238414607,0.187987955707669,-0.393251683554024,0.7963076901189,-1.10730903312339
"tyQSX4mY",0.246095522385891,-0.271274823684515,0.651388670561283,0.650696000787144,-0.116351892060908
"tylKCRc0",0.462739471371608,0.0412847508700722,0.399345619405382,0.0211721653931153,-1.07740232284371
"u1544WUo",0.873261383959249,-0.0235595510285227,0.912262027683888,0.486178130086099,-0.840725802012779
"uAw9an0d",0.884003181536442,0.219331696150644,0.721636158594557,0.661655563583464,-0.913371795608972
"uLZAEXMG",0.699696392870924,0.145021846393624,0.864078068763047,0.59078463574545,-1.24964179736226
"uMwe1s7I",-1.59775855848803,-0.394957842889082,-1.85643383125267,0.73877456398598,-0.628423905638177
"ufhGeV3q",0.580452805793924,0.169869369803779,0.167795647497472,-0.0023683504863497,-0.421677335518791
"uhAeGBHo",-0.299346167002214,0.0665875716759637,-0.596008354957007,-0.0228202314140433,-0.923172964456476
"ujHNlqpw",0.982182016479426,0.106575677655536,0.991325686307173,-0.906082011991665,-1.94698894693667
"ulV6kuhB",0.00775369241650115,0.144978450071753,0.00670594029758485,0.41694393643911,-0.612843429637497
"uohEnNEK",-1.40116883909143,-0.306123566326907,-1.81052160387166,0.497634577877309,-0.712929816105043
"v1lhA8I4",0.758235165282384,0.31102191759503,0.806775233511592,0.170568525745642,-0.36570991850775
"v3JzigLI",-0.640281265837145,-0.824192858657558,-0.0948115618868577,-1.09866300721583,0.179699880630983
"v5IwjyIg",-0.632206178461125,-0.20434649614015,-0.569683719274011,-0.576133613849677,-0.853294653298848
"v6lp5TK1",0.892998720908951,-0.130723592965344,0.769931276624883,0.951415779243747,-0.430215641577701
"v8vOaaWq",-0.254435512848061,-0.447756725966591,-0.961927854250109,0.744961362514337,-0.949390817799662
"vAYKtoil",-0.553280912712795,-0.158863541289953,-0.682076611752047,-0.522605207176955,-1.05071143735877
"vGTNQa6G",1.47021230217556,0.255333222872421,1.09053269676163,0.397342921608112,-1.26117714545979
"vQzNxHoL",-0.0342650731832581,-0.13272484475336,-0.398104363509659,0.360021976577003,-1.00933483546695
"vfZGBUJm",0.255783770823088,0.181061095478732,0.436393924234048,0.450086834888205,-0.950015773623765
"vlooVUoT",0.136501773997916,0.291870606977588,-0.107938640291964,0.584053494092376,-1.00873700010872
"vrACvd4O",0.502075883925788,0.32569984816174,0.623559262408711,0.779825607680825,-1.00858242403348
"w8hdjLwb",0.678735111637865,0.18595553572647,0.882880027975135,0.679333010205591,-0.461214402976566
"wAntv4gH",0.776156617119954,0.358265253133748,1.14409163770686,0.101592352633851,-0.336265181658409
"wIUL09q0",-0.267670575030695,-0.658731699046413,0.390947666424896,-0.833283298198335,-0.181813432219035
"wOzx7Fgz",0.536598634010648,0.125942884841282,0.472210733988209,0.249337834657302,-1.14026872113931
"wPhjhCJQ",-0.487695210804173,-0.0186689587508994,-0.219598631661497,-0.0769113654538439,-0.429335640830766
"wQSWWmYB",0.843479347997731,0.139947169653446,0.968367713950607,0.823104637183025,-0.741842756977887
"wdIMrXwy",1.19886761740661,0.277185732882974,1.05850825285147,0.665683073311045,-1.513976134551
"wiL9npQc",0.350193221191135,0.0634312443129946,0.318981761082309,0.122680598163283,-0.588513137506085
"wnU95Cxn",1.22291007455807,-0.107777619913067,1.0870719383517,0.169324770404319,-1.46318629184239
"wpJbbjJs",0.509575185595557,0.23477692341734,0.442565012350367,0.52671798912376,-0.84444026350787
"wsOWTAbI",0.337809249588116,0.0498776863550841,0.606379476201336,-0.0063787492199428,-1.07739892924188
"wtdBcU3U",-0.29531151089071,-0.423134789545629,0.531316395935028,-0.666288922229754,-0.329792586905139
"wuKXVxOc",-0.272441289047806,0.156181799169042,-0.500891666537433,0.469876959908802,-0.852697139944521
"wyzadAt8",-0.287422916607424,-0.49441281428392,-0.749110815338473,0.408757855180923,-0.391518324979036
"wzaKzYwi",0.525014254450559,0.310643673426823,0.934635938938944,-0.355965534415288,-0.614553706819622
"x6GCk4EV",0.0685470139361731,0.221445582977371,0.278424069880813,-0.0197151795558712,-0.43658411537899
"x6lUi3vf",0.701173493878015,0.403853902137106,0.614627929104086,1.08998508215343,-1.32662557772145
"x8mwDHv9",0.339526777200404,0.199387247335439,0.614317439525293,0.562600393057585,-0.705604236138873
"xIYm6puH",-0.291809139580642,0.597865429487914,-0.140988811556974,-0.0550704148446499,-0.886878636719864
"xO6UdpsK",-0.285482847424819,0.46228816056772,-0.237465746091187,-0.63530033153323,-1.33822551192142
"xQ2bkOvj",-1.40381541836434,-0.603335184939254,-1.78991377257306,0.545307497119198,-0.646764636102424
"xeXyDCEQ",1.15927707562968,0.258883183109423,0.771197671240077,0.470526414089908,-0.928108253865778
"xrggHziO",0.633492447294817,0.058218861977535,0.792509955367721,1.06511499371281,-0.694614389310198
"y1WMCmqQ",-0.941429300417429,-0.192489723229759,-0.9394624943034,-0.582187990432649,-0.681491026366
"yDngezhM",-0.0277566850295181,-0.519180148847989,0.00823011579422007,-0.741777340654503,-0.421515518448368
"yLiFjMD0",0.649801018648842,0.243259884023073,0.571824290526735,0.434761030889537,-0.596002055199361
"ySwEBO7w",0.147285746901415,-0.0451924947167154,-0.311405590152756,0.327046043950317,-1.05994731310488
"ydC9UsSm",0.0241848026419419,-0.345506903136904,-0.674378735708926,1.08287334094025,-1.03747847865452
"ydEG4VBd",0.831161478068984,0.353615475845621,0.856547874342033,0.757540359476704,-0.810742391371851
"yf76yWXc",0.682719485853294,0.305333201118325,0.915120643823471,-0.0238154945685137,-0.525209615217697
"yg70e63n",0.27443063145232,0.0399949236136615,0.41161395326694,0.478193851633532,-0.545119462625432
"ywxtlSKv",-0.716686636646353,-0.124659586037473,-0.78646463586738,-0.358436468544915,-0.850207567077334
"yzKPQPOR",-1.59632531103732,-0.567051904004829,-1.93527064109115,0.345348448340979,-0.642628995766827
"z5cnOnZ1",0.394911565341147,0.0395945582503029,0.576721538677694,0.288323607132388,-0.908761453036161
"zFLkOE0e",-0.141458047013193,0.323625752993346,0.281333139734321,-0.124311058371043,-0.417178687821634
"zGi72mxL",0.34860264873799,0.117637907551012,0.442934681074895,0.396831018788524,-1.10255566293681
"zN925UV3",0.0970570909965975,0.236335373061751,-0.213055003579672,0.763875435044911,-1.070322436178
"zTy2ih7e",-0.303814609493869,0.0358198159959835,-0.613904782648524,0.0654047137723986,-0.843373079398736
"zVFzAutw",0.316133291939655,0.301554579410446,0.431552580889995,0.911057070978438,-0.408129799983014
"zYxNAkht",-0.298903746768809,-0.499173826919524,0.0059025176107067,-0.581971959632011,-0.171535088009327
"zaWDBai3",-0.468464492939067,0.522920855003399,-0.0904752932802283,-0.218719028148316,-0.771531716565406
"zg3u0Zsx",0.406537569302355,0.127908804029816,0.443608822959431,0.671365071921686,-0.563223264122954
"zlwLfdsS",-1.33376239211477,-0.249301527313341,-1.78469072647616,0.640423021523853,-0.838028702061877
"zmbKzVfl",0.399922845843585,0.348522455043386,-0.0117086382618869,0.917937270139835,-1.13594594676159
